id,batchID,batchIDLastChangedAt,duration,durationLastChangedAt,ended,endedLastChangedAt,gameID,gameIDLastChangedAt,index,indexLastChangedAt,initialized,initializedLastChangedAt,name,nameLastChangedAt,roundID,roundIDLastChangedAt,start,startLastChangedAt,started,startedLastChangedAt,timerID,timerIDLastChangedAt
01HVDK90BRCWRZYXWMFSHQTCGG,01HVDK8H274NGF68S69V3XJQN3,2024-04-13T23:03:55.128531-07:00,60,2024-04-13T23:03:55.128531-07:00,true,2024-04-13T23:03:56.834633-07:00,01HVDK8H2XQAJ2CRG859KB0TBN,2024-04-13T23:03:55.128531-07:00,5,2024-04-13T23:03:55.128531-07:00,true,2024-04-13T23:03:55.138632-07:00,Maze Game,2024-04-13T23:03:55.128531-07:00,01HVDK8PWAB90YQX5YNTW15ZZX,2024-04-13T23:03:55.128531-07:00,true,2024-04-13T23:03:55.13165-07:00,true,2024-04-13T23:03:55.142172-07:00,01HVDK90BMJTZ3PNK0P0CB7W98,2024-04-13T23:03:55.128531-07:00
01HVDK9B85BYBGZR06FE4SERJG,01HVDK8H274NGF68S69V3XJQN3,2024-04-13T23:04:06.277422-07:00,60,2024-04-13T23:04:06.277422-07:00,true,2024-04-13T23:04:07.93551-07:00,01HVDK8H2XQAJ2CRG859KB0TBN,2024-04-13T23:04:06.277422-07:00,11,2024-04-13T23:04:06.277422-07:00,true,2024-04-13T23:04:06.287035-07:00,Maze Game,2024-04-13T23:04:06.277422-07:00,01HVDK8PWAB90YQX5YNTW15ZZX,2024-04-13T23:04:06.277422-07:00,true,2024-04-13T23:04:06.281001-07:00,true,2024-04-13T23:04:06.2899-07:00,01HVDK9B81CBDM2RW33YA5K54A,2024-04-13T23:04:06.277422-07:00
01HVDK9CWB60BV0GPQE3VCBY9G,01HVDK8H274NGF68S69V3XJQN3,2024-04-13T23:04:07.947862-07:00,60,2024-04-13T23:04:07.947862-07:00,true,2024-04-13T23:04:10.654048-07:00,01HVDK8H2XQAJ2CRG859KB0TBN,2024-04-13T23:04:07.947862-07:00,12,2024-04-13T23:04:07.947862-07:00,true,2024-04-13T23:04:07.961336-07:00,Maze Game,2024-04-13T23:04:07.947862-07:00,01HVDK8PWAB90YQX5YNTW15ZZX,2024-04-13T23:04:07.947862-07:00,true,2024-04-13T23:04:07.953552-07:00,true,2024-04-13T23:04:07.965638-07:00,01HVDK9CW7VX6343TZ1P523MX3,2024-04-13T23:04:07.947862-07:00
01HVDKAG0DRQS2KC493K9QT7H9,01HVDK8H274NGF68S69V3XJQN3,2024-04-13T23:04:43.917881-07:00,60,2024-04-13T23:04:43.917881-07:00,true,2024-04-13T23:04:46.644319-07:00,01HVDK8H2XQAJ2CRG859KB0TBN,2024-04-13T23:04:43.917881-07:00,11,2024-04-13T23:04:43.917881-07:00,true,2024-04-13T23:04:43.930743-07:00,Maze Game,2024-04-13T23:04:43.917881-07:00,01HVDK8PWAB90YQX5YMWA0A618,2024-04-13T23:04:43.917881-07:00,true,2024-04-13T23:04:43.922248-07:00,true,2024-04-13T23:04:43.93348-07:00,01HVDKAG0B3ZKWHSHDS425K4CH,2024-04-13T23:04:43.917881-07:00
01HVDKBE1CC37WXKD76QTZ15QX,01HVDK8H274NGF68S69V3XJQN3,2024-04-13T23:05:14.668726-07:00,60,2024-04-13T23:05:14.668726-07:00,true,2024-04-13T23:05:16.837196-07:00,01HVDK8H2XQAJ2CRG859KB0TBN,2024-04-13T23:05:14.668726-07:00,8,2024-04-13T23:05:14.668726-07:00,true,2024-04-13T23:05:14.681699-07:00,Maze Game,2024-04-13T23:05:14.668726-07:00,01HVDK8PWBNAFCHG54YAMFYWSP,2024-04-13T23:05:14.668726-07:00,true,2024-04-13T23:05:14.672858-07:00,true,2024-04-13T23:05:14.684628-07:00,01HVDKBE1AG5QYC2PPYE82QVFV,2024-04-13T23:05:14.668726-07:00
01HVDKCQV02DWH0E2WAHDPT43N,01HVDK8H274NGF68S69V3XJQN3,2024-04-13T23:05:57.472101-07:00,60,2024-04-13T23:05:57.472101-07:00,true,2024-04-13T23:06:00.958096-07:00,01HVDK8H2XQAJ2CRG859KB0TBN,2024-04-13T23:05:57.472101-07:00,5,2024-04-13T23:05:57.472101-07:00,true,2024-04-13T23:05:57.483325-07:00,Maze Game,2024-04-13T23:05:57.472101-07:00,01HVDK8PWHHPVVPRH0JP35DCEB,2024-04-13T23:05:57.472101-07:00,true,2024-04-13T23:05:57.476643-07:00,true,2024-04-13T23:05:57.486284-07:00,01HVDKCQTX7ZCMYTRQ7E6XXWX3,2024-04-13T23:05:57.472101-07:00
01HVDK8PWT5H1WWMMDVBBKNGEN,01HVDK8H274NGF68S69V3XJQN3,2024-04-13T23:03:45.434906-07:00,60,2024-04-13T23:03:45.434906-07:00,true,2024-04-13T23:05:50.07408-07:00,01HVDK8H2XQAJ2CRG859KB0TBN,2024-04-13T23:03:45.434906-07:00,0,2024-04-13T23:03:45.434906-07:00,true,2024-04-13T23:05:47.97985-07:00,Maze Game,2024-04-13T23:03:45.434906-07:00,01HVDK8PWHHPVVPRH0JP35DCEB,2024-04-13T23:03:45.434906-07:00,true,2024-04-13T23:05:47.975247-07:00,true,2024-04-13T23:05:47.984838-07:00,01HVDK8PWQSXQ4K5Y3BH2GW3Z6,2024-04-13T23:03:45.434906-07:00
01HVDKBWZBJRG4J2YCVHEWKJ6F,01HVDK8H274NGF68S69V3XJQN3,2024-04-13T23:05:29.963568-07:00,60,2024-04-13T23:05:29.963568-07:00,true,2024-04-13T23:05:31.564815-07:00,01HVDK8H2XQAJ2CRG859KB0TBN,2024-04-13T23:05:29.963568-07:00,16,2024-04-13T23:05:29.963568-07:00,true,2024-04-13T23:05:29.972523-07:00,Maze Game,2024-04-13T23:05:29.963568-07:00,01HVDK8PWBNAFCHG54YAMFYWSP,2024-04-13T23:05:29.963568-07:00,true,2024-04-13T23:05:29.966813-07:00,true,2024-04-13T23:05:29.975403-07:00,01HVDKBWZA6PV1KHSX4SZN69B3,2024-04-13T23:05:29.963568-07:00
01HVDKB0RF5GQXWGSF51F7YNGT,01HVDK8H274NGF68S69V3XJQN3,2024-04-13T23:05:01.071967-07:00,60,2024-04-13T23:05:01.071967-07:00,true,2024-04-13T23:05:03.178848-07:00,01HVDK8H2XQAJ2CRG859KB0TBN,2024-04-13T23:05:01.071967-07:00,1,2024-04-13T23:05:01.071967-07:00,true,2024-04-13T23:05:01.082986-07:00,Maze Game,2024-04-13T23:05:01.071967-07:00,01HVDK8PWBNAFCHG54YAMFYWSP,2024-04-13T23:05:01.071967-07:00,true,2024-04-13T23:05:01.077005-07:00,true,2024-04-13T23:05:01.086116-07:00,01HVDKB0RB7PZGR182Y6DD2ZB2,2024-04-13T23:05:01.071967-07:00
01HVDKBN08H3DD0W5NVJQMNTT0,01HVDK8H274NGF68S69V3XJQN3,2024-04-13T23:05:21.80014-07:00,60,2024-04-13T23:05:21.80014-07:00,true,2024-04-13T23:05:23.510499-07:00,01HVDK8H2XQAJ2CRG859KB0TBN,2024-04-13T23:05:21.80014-07:00,12,2024-04-13T23:05:21.80014-07:00,true,2024-04-13T23:05:21.814859-07:00,Maze Game,2024-04-13T23:05:21.80014-07:00,01HVDK8PWBNAFCHG54YAMFYWSP,2024-04-13T23:05:21.80014-07:00,true,2024-04-13T23:05:21.807405-07:00,true,2024-04-13T23:05:21.81754-07:00,01HVDKBN04SVN2V12PMDRPA70Q,2024-04-13T23:05:21.80014-07:00
01HVDKDP9VYD5BNDQ59G9FC7WP,01HVDK8H274NGF68S69V3XJQN3,2024-04-13T23:06:28.667362-07:00,60,2024-04-13T23:06:28.667362-07:00,true,2024-04-13T23:06:30.502981-07:00,01HVDK8H2XQAJ2CRG859KB0TBN,2024-04-13T23:06:28.667362-07:00,16,2024-04-13T23:06:28.667362-07:00,true,2024-04-13T23:06:28.678569-07:00,Maze Game,2024-04-13T23:06:28.667362-07:00,01HVDK8PWHHPVVPRH0JP35DCEB,2024-04-13T23:06:28.667362-07:00,true,2024-04-13T23:06:28.67204-07:00,true,2024-04-13T23:06:28.681745-07:00,01HVDKDP9S261B5BSPF681VP0Q,2024-04-13T23:06:28.667362-07:00
01HVDKDR3BY594FV5J3264DNY0,01HVDK8H274NGF68S69V3XJQN3,2024-04-13T23:06:30.507159-07:00,60,2024-04-13T23:06:30.507159-07:00,true,2024-04-13T23:06:32.045962-07:00,01HVDK8H2XQAJ2CRG859KB0TBN,2024-04-13T23:06:30.507159-07:00,17,2024-04-13T23:06:30.507159-07:00,true,2024-04-13T23:06:30.516738-07:00,Maze Game,2024-04-13T23:06:30.507159-07:00,01HVDK8PWHHPVVPRH0JP35DCEB,2024-04-13T23:06:30.507159-07:00,true,2024-04-13T23:06:30.510932-07:00,true,2024-04-13T23:06:30.519896-07:00,01HVDKDR3A96FQYJS48BH1S7NS,2024-04-13T23:06:30.507159-07:00
01HVDKACW68RQWEC44YW290C9E,01HVDK8H274NGF68S69V3XJQN3,2024-04-13T23:04:40.710965-07:00,60,2024-04-13T23:04:40.710965-07:00,true,2024-04-13T23:04:42.315405-07:00,01HVDK8H2XQAJ2CRG859KB0TBN,2024-04-13T23:04:40.710965-07:00,9,2024-04-13T23:04:40.710965-07:00,true,2024-04-13T23:04:40.722424-07:00,Maze Game,2024-04-13T23:04:40.710965-07:00,01HVDK8PWAB90YQX5YMWA0A618,2024-04-13T23:04:40.710965-07:00,true,2024-04-13T23:04:40.716932-07:00,true,2024-04-13T23:04:40.72576-07:00,01HVDKACW4BGY88YY2BN0GJWPK,2024-04-13T23:04:40.710965-07:00
01HVDK99MS060EEKAS2NNFKFCE,01HVDK8H274NGF68S69V3XJQN3,2024-04-13T23:04:04.633825-07:00,60,2024-04-13T23:04:04.633825-07:00,true,2024-04-13T23:04:06.261207-07:00,01HVDK8H2XQAJ2CRG859KB0TBN,2024-04-13T23:04:04.633825-07:00,10,2024-04-13T23:04:04.633825-07:00,true,2024-04-13T23:04:04.653017-07:00,Maze Game,2024-04-13T23:04:04.633825-07:00,01HVDK8PWAB90YQX5YNTW15ZZX,2024-04-13T23:04:04.633825-07:00,true,2024-04-13T23:04:04.639107-07:00,true,2024-04-13T23:04:04.656276-07:00,01HVDK99MQYW3599RN27NQDADT,2024-04-13T23:04:04.633825-07:00
01HVDK9FHBY88ESXA02AWQ7N9C,01HVDK8H274NGF68S69V3XJQN3,2024-04-13T23:04:10.66803-07:00,600,2024-04-13T23:04:10.66803-07:00,true,2024-04-13T23:04:21.953425-07:00,01HVDK8H2XQAJ2CRG859KB0TBN,2024-04-13T23:04:10.66803-07:00,13,2024-04-13T23:04:10.66803-07:00,true,2024-04-13T23:04:10.679492-07:00,Intro End,2024-04-13T23:04:10.66803-07:00,01HVDK8PWAB90YQX5YNTW15ZZX,2024-04-13T23:04:10.66803-07:00,true,2024-04-13T23:04:10.673505-07:00,true,2024-04-13T23:04:10.682676-07:00,01HVDK9FH541GKPB5YGPG6SE2T,2024-04-13T23:04:10.66803-07:00
01HVDK9WKVXXGRAW4HJSBBXPCS,01HVDK8H274NGF68S69V3XJQN3,2024-04-13T23:04:24.059645-07:00,60,2024-04-13T23:04:24.059645-07:00,true,2024-04-13T23:04:26.065533-07:00,01HVDK8H2XQAJ2CRG859KB0TBN,2024-04-13T23:04:24.059645-07:00,1,2024-04-13T23:04:24.059645-07:00,true,2024-04-13T23:04:24.071762-07:00,Maze Game,2024-04-13T23:04:24.059645-07:00,01HVDK8PWAB90YQX5YMWA0A618,2024-04-13T23:04:24.059645-07:00,true,2024-04-13T23:04:24.065739-07:00,true,2024-04-13T23:04:24.074779-07:00,01HVDK9WKSFWCQZ96P1JWKA7KG,2024-04-13T23:04:24.059645-07:00
01HVDKD7JEK12Q0BF9D30ZNJFA,01HVDK8H274NGF68S69V3XJQN3,2024-04-13T23:06:13.582916-07:00,60,2024-04-13T23:06:13.582916-07:00,true,2024-04-13T23:06:15.806941-07:00,01HVDK8H2XQAJ2CRG859KB0TBN,2024-04-13T23:06:13.582916-07:00,11,2024-04-13T23:06:13.582916-07:00,true,2024-04-13T23:06:13.591784-07:00,Maze Game,2024-04-13T23:06:13.582916-07:00,01HVDK8PWHHPVVPRH0JP35DCEB,2024-04-13T23:06:13.582916-07:00,true,2024-04-13T23:06:13.586379-07:00,true,2024-04-13T23:06:13.594758-07:00,01HVDKD7JD1MGJRDK7ES204QNF,2024-04-13T23:06:13.582916-07:00
01HVDK8VDQF9JGCRH8098VFMFB,01HVDK8H274NGF68S69V3XJQN3,2024-04-13T23:03:50.071469-07:00,60,2024-04-13T23:03:50.071469-07:00,true,2024-04-13T23:03:51.635617-07:00,01HVDK8H2XQAJ2CRG859KB0TBN,2024-04-13T23:03:50.071469-07:00,2,2024-04-13T23:03:50.071469-07:00,true,2024-04-13T23:03:50.085212-07:00,Maze Game,2024-04-13T23:03:50.071469-07:00,01HVDK8PWAB90YQX5YNTW15ZZX,2024-04-13T23:03:50.071469-07:00,true,2024-04-13T23:03:50.07715-07:00,true,2024-04-13T23:03:50.089014-07:00,01HVDK8VDMGSZYV107GR2WC9X9,2024-04-13T23:03:50.071469-07:00
01HVDKCV84YKHZJRPQAVY2X7M6,01HVDK8H274NGF68S69V3XJQN3,2024-04-13T23:06:00.964367-07:00,60,2024-04-13T23:06:00.964367-07:00,true,2024-04-13T23:06:02.780716-07:00,01HVDK8H2XQAJ2CRG859KB0TBN,2024-04-13T23:06:00.964367-07:00,6,2024-04-13T23:06:00.964367-07:00,true,2024-04-13T23:06:00.977246-07:00,Maze Game,2024-04-13T23:06:00.964367-07:00,01HVDK8PWHHPVVPRH0JP35DCEB,2024-04-13T23:06:00.964367-07:00,true,2024-04-13T23:06:00.968969-07:00,true,2024-04-13T23:06:00.980987-07:00,01HVDKCV82MHW3MC4QJ68ZGBYG,2024-04-13T23:06:00.964367-07:00
01HVDKD4G82YT5QGX7J4KRN9HR,01HVDK8H274NGF68S69V3XJQN3,2024-04-13T23:06:10.440464-07:00,60,2024-04-13T23:06:10.440464-07:00,true,2024-04-13T23:06:13.5681-07:00,01HVDK8H2XQAJ2CRG859KB0TBN,2024-04-13T23:06:10.440464-07:00,10,2024-04-13T23:06:10.440464-07:00,true,2024-04-13T23:06:10.464942-07:00,Maze Game,2024-04-13T23:06:10.440464-07:00,01HVDK8PWHHPVVPRH0JP35DCEB,2024-04-13T23:06:10.440464-07:00,true,2024-04-13T23:06:10.449256-07:00,true,2024-04-13T23:06:10.467832-07:00,01HVDKD4G6ZDJJZ36ZJ9Y43HRC,2024-04-13T23:06:10.440464-07:00
01HVDKDZEPT2228K83RKZHBWAF,01HVDK8H274NGF68S69V3XJQN3,2024-04-13T23:06:38.038109-07:00,60,2024-04-13T23:06:38.038109-07:00,true,2024-04-13T23:06:40.246057-07:00,01HVDK8H2XQAJ2CRG859KB0TBN,2024-04-13T23:06:38.038109-07:00,21,2024-04-13T23:06:38.038109-07:00,true,2024-04-13T23:06:38.047054-07:00,Maze Game,2024-04-13T23:06:38.038109-07:00,01HVDK8PWHHPVVPRH0JP35DCEB,2024-04-13T23:06:38.038109-07:00,true,2024-04-13T23:06:38.041342-07:00,true,2024-04-13T23:06:38.049676-07:00,01HVDKDZEM2E5XAGQX0GJB5RNS,2024-04-13T23:06:38.038109-07:00
01HVDKBSAXX895PKZRBNWRT5Q7,01HVDK8H274NGF68S69V3XJQN3,2024-04-13T23:05:26.237247-07:00,60,2024-04-13T23:05:26.237247-07:00,true,2024-04-13T23:05:27.820512-07:00,01HVDK8H2XQAJ2CRG859KB0TBN,2024-04-13T23:05:26.237247-07:00,14,2024-04-13T23:05:26.237247-07:00,true,2024-04-13T23:05:26.248999-07:00,Maze Game,2024-04-13T23:05:26.237247-07:00,01HVDK8PWBNAFCHG54YAMFYWSP,2024-04-13T23:05:26.237247-07:00,true,2024-04-13T23:05:26.241808-07:00,true,2024-04-13T23:05:26.251655-07:00,01HVDKBSASMAC241V3558F1XZ9,2024-04-13T23:05:26.237247-07:00
01HVDKAJNZWJZWWBBQC2HKKK0J,01HVDK8H274NGF68S69V3XJQN3,2024-04-13T23:04:46.655744-07:00,300,2024-04-13T23:04:46.655744-07:00,true,2024-04-13T23:04:58.950776-07:00,01HVDK8H2XQAJ2CRG859KB0TBN,2024-04-13T23:04:46.655744-07:00,12,2024-04-13T23:04:46.655744-07:00,true,2024-04-13T23:04:46.665357-07:00,Maze Game Survey,2024-04-13T23:04:46.655744-07:00,01HVDK8PWAB90YQX5YMWA0A618,2024-04-13T23:04:46.655744-07:00,true,2024-04-13T23:04:46.659146-07:00,true,2024-04-13T23:04:46.668063-07:00,01HVDKAJNXQ09K1Q0E2YMSWQW6,2024-04-13T23:04:46.655744-07:00
01HVDKBKSBDG5PC4SVHQDA219J,01HVDK8H274NGF68S69V3XJQN3,2024-04-13T23:05:20.555599-07:00,60,2024-04-13T23:05:20.555599-07:00,true,2024-04-13T23:05:21.787391-07:00,01HVDK8H2XQAJ2CRG859KB0TBN,2024-04-13T23:05:20.555599-07:00,11,2024-04-13T23:05:20.555599-07:00,true,2024-04-13T23:05:20.565062-07:00,Maze Game,2024-04-13T23:05:20.555599-07:00,01HVDK8PWBNAFCHG54YAMFYWSP,2024-04-13T23:05:20.555599-07:00,true,2024-04-13T23:05:20.55911-07:00,true,2024-04-13T23:05:20.567717-07:00,01HVDKBKS8A6DSTYQ3R39BJ3RP,2024-04-13T23:05:20.555599-07:00
01HVDK8WZ27MEZTD9FW1R06MPS,01HVDK8H274NGF68S69V3XJQN3,2024-04-13T23:03:51.650443-07:00,60,2024-04-13T23:03:51.650443-07:00,true,2024-04-13T23:03:53.514549-07:00,01HVDK8H2XQAJ2CRG859KB0TBN,2024-04-13T23:03:51.650443-07:00,3,2024-04-13T23:03:51.650443-07:00,true,2024-04-13T23:03:51.663634-07:00,Maze Game,2024-04-13T23:03:51.650443-07:00,01HVDK8PWAB90YQX5YNTW15ZZX,2024-04-13T23:03:51.650443-07:00,true,2024-04-13T23:03:51.65533-07:00,true,2024-04-13T23:03:51.667024-07:00,01HVDK8WZ01MH8JX5QEHXSMWV1,2024-04-13T23:03:51.650443-07:00
01HVDKA6GP0Z749B96FACDT10R,01HVDK8H274NGF68S69V3XJQN3,2024-04-13T23:04:34.198239-07:00,60,2024-04-13T23:04:34.198239-07:00,true,2024-04-13T23:04:35.757113-07:00,01HVDK8H2XQAJ2CRG859KB0TBN,2024-04-13T23:04:34.198239-07:00,6,2024-04-13T23:04:34.198239-07:00,true,2024-04-13T23:04:34.206999-07:00,Maze Game,2024-04-13T23:04:34.198239-07:00,01HVDK8PWAB90YQX5YMWA0A618,2024-04-13T23:04:34.198239-07:00,true,2024-04-13T23:04:34.20106-07:00,true,2024-04-13T23:04:34.210101-07:00,01HVDKA6GM4M3B1E4YAH1A1EZ4,2024-04-13T23:04:34.198239-07:00
01HVDKDGV7H21PY9YFW0T5CPBA,01HVDK8H274NGF68S69V3XJQN3,2024-04-13T23:06:23.079292-07:00,60,2024-04-13T23:06:23.079292-07:00,true,2024-04-13T23:06:25.68796-07:00,01HVDK8H2XQAJ2CRG859KB0TBN,2024-04-13T23:06:23.079292-07:00,14,2024-04-13T23:06:23.079292-07:00,true,2024-04-13T23:06:23.090833-07:00,Maze Game,2024-04-13T23:06:23.079292-07:00,01HVDK8PWHHPVVPRH0JP35DCEB,2024-04-13T23:06:23.079292-07:00,true,2024-04-13T23:06:23.085449-07:00,true,2024-04-13T23:06:23.094085-07:00,01HVDKDGV57E5291FXPW5P6W32,2024-04-13T23:06:23.079292-07:00
01HVDK8YSRG9C10X26Y972JV7D,01HVDK8H274NGF68S69V3XJQN3,2024-04-13T23:03:53.528281-07:00,60,2024-04-13T23:03:53.528281-07:00,true,2024-04-13T23:03:55.114786-07:00,01HVDK8H2XQAJ2CRG859KB0TBN,2024-04-13T23:03:53.528281-07:00,4,2024-04-13T23:03:53.528281-07:00,true,2024-04-13T23:03:53.540233-07:00,Maze Game,2024-04-13T23:03:53.528281-07:00,01HVDK8PWAB90YQX5YNTW15ZZX,2024-04-13T23:03:53.528281-07:00,true,2024-04-13T23:03:53.531677-07:00,true,2024-04-13T23:03:53.543072-07:00,01HVDK8YSPJ06F1ZSRPF3S9KTE,2024-04-13T23:03:53.528281-07:00
01HVDKA4E4FN6ATNAQ9ETPQTPD,01HVDK8H274NGF68S69V3XJQN3,2024-04-13T23:04:32.068437-07:00,60,2024-04-13T23:04:32.068437-07:00,true,2024-04-13T23:04:34.18755-07:00,01HVDK8H2XQAJ2CRG859KB0TBN,2024-04-13T23:04:32.068437-07:00,5,2024-04-13T23:04:32.068437-07:00,true,2024-04-13T23:04:32.079952-07:00,Maze Game,2024-04-13T23:04:32.068437-07:00,01HVDK8PWAB90YQX5YMWA0A618,2024-04-13T23:04:32.068437-07:00,true,2024-04-13T23:04:32.072658-07:00,true,2024-04-13T23:04:32.083037-07:00,01HVDKA4E2H5W1Y9WCGF485R7J,2024-04-13T23:04:32.068437-07:00
01HVDKC183D8TTD32KPEFGKMER,01HVDK8H274NGF68S69V3XJQN3,2024-04-13T23:05:34.339156-07:00,300,2024-04-13T23:05:34.339156-07:00,true,2024-04-13T23:05:47.952877-07:00,01HVDK8H2XQAJ2CRG859KB0TBN,2024-04-13T23:05:34.339156-07:00,18,2024-04-13T23:05:34.339156-07:00,true,2024-04-13T23:05:34.361211-07:00,Maze Game Survey,2024-04-13T23:05:34.339156-07:00,01HVDK8PWBNAFCHG54YAMFYWSP,2024-04-13T23:05:34.339156-07:00,true,2024-04-13T23:05:34.354373-07:00,true,2024-04-13T23:05:34.364229-07:00,01HVDKC180BH85TME1X48CRQ1Z,2024-04-13T23:05:34.339156-07:00
01HVDKCP3GCHB4ME5Q6YRTH2NQ,01HVDK8H274NGF68S69V3XJQN3,2024-04-13T23:05:55.696321-07:00,60,2024-04-13T23:05:55.696321-07:00,true,2024-04-13T23:05:57.456828-07:00,01HVDK8H2XQAJ2CRG859KB0TBN,2024-04-13T23:05:55.696321-07:00,4,2024-04-13T23:05:55.696321-07:00,true,2024-04-13T23:05:55.704664-07:00,Maze Game,2024-04-13T23:05:55.696321-07:00,01HVDK8PWHHPVVPRH0JP35DCEB,2024-04-13T23:05:55.696321-07:00,true,2024-04-13T23:05:55.69945-07:00,true,2024-04-13T23:05:55.708462-07:00,01HVDKCP3FMT198MWJV8N7XCNP,2024-04-13T23:05:55.696321-07:00
01HVDK8S2BBWVNXRDY46C31ZGW,01HVDK8H274NGF68S69V3XJQN3,2024-04-13T23:03:47.659807-07:00,60,2024-04-13T23:03:47.659807-07:00,true,2024-04-13T23:03:50.060299-07:00,01HVDK8H2XQAJ2CRG859KB0TBN,2024-04-13T23:03:47.659807-07:00,1,2024-04-13T23:03:47.659807-07:00,true,2024-04-13T23:03:47.669361-07:00,Maze Game,2024-04-13T23:03:47.659807-07:00,01HVDK8PWAB90YQX5YNTW15ZZX,2024-04-13T23:03:47.659807-07:00,true,2024-04-13T23:03:47.663201-07:00,true,2024-04-13T23:03:47.672137-07:00,01HVDK8S29VZ4CS8N2Z0MN2XEJ,2024-04-13T23:03:47.659807-07:00
01HVDKE1KZ12YPEB21DTK87QGV,01HVDK8H274NGF68S69V3XJQN3,2024-04-13T23:06:40.255652-07:00,300,2024-04-13T23:06:40.255652-07:00,true,2024-04-13T23:06:52.636952-07:00,01HVDK8H2XQAJ2CRG859KB0TBN,2024-04-13T23:06:40.255652-07:00,22,2024-04-13T23:06:40.255652-07:00,true,2024-04-13T23:06:40.264684-07:00,Maze Game Survey,2024-04-13T23:06:40.255652-07:00,01HVDK8PWHHPVVPRH0JP35DCEB,2024-04-13T23:06:40.255652-07:00,true,2024-04-13T23:06:40.259499-07:00,true,2024-04-13T23:06:40.267084-07:00,01HVDKE1KYNYXBS3G5D7HE2W02,2024-04-13T23:06:40.255652-07:00
01HVDK93AREJXDAD2VRMYDG96M,01HVDK8H274NGF68S69V3XJQN3,2024-04-13T23:03:58.168777-07:00,60,2024-04-13T23:03:58.168777-07:00,true,2024-04-13T23:04:00.859613-07:00,01HVDK8H2XQAJ2CRG859KB0TBN,2024-04-13T23:03:58.168777-07:00,7,2024-04-13T23:03:58.168777-07:00,true,2024-04-13T23:03:58.179298-07:00,Maze Game,2024-04-13T23:03:58.168777-07:00,01HVDK8PWAB90YQX5YNTW15ZZX,2024-04-13T23:03:58.168777-07:00,true,2024-04-13T23:03:58.172986-07:00,true,2024-04-13T23:03:58.183398-07:00,01HVDK93AQ4Y0ZJ321VSPMQF8D,2024-04-13T23:03:58.168777-07:00
01HVDKA02HSRSQV2M69MQDF1NX,01HVDK8H274NGF68S69V3XJQN3,2024-04-13T23:04:27.601282-07:00,60,2024-04-13T23:04:27.601282-07:00,true,2024-04-13T23:04:30.13985-07:00,01HVDK8H2XQAJ2CRG859KB0TBN,2024-04-13T23:04:27.601282-07:00,3,2024-04-13T23:04:27.601282-07:00,true,2024-04-13T23:04:27.615205-07:00,Maze Game,2024-04-13T23:04:27.601282-07:00,01HVDK8PWAB90YQX5YMWA0A618,2024-04-13T23:04:27.601282-07:00,true,2024-04-13T23:04:27.608531-07:00,true,2024-04-13T23:04:27.618328-07:00,01HVDKA02DRWYVMWJHYW316BK4,2024-04-13T23:04:27.601282-07:00
01HVDKA2J9179TE6AZ3HDEWJPY,01HVDK8H274NGF68S69V3XJQN3,2024-04-13T23:04:30.153401-07:00,60,2024-04-13T23:04:30.153401-07:00,true,2024-04-13T23:04:32.050635-07:00,01HVDK8H2XQAJ2CRG859KB0TBN,2024-04-13T23:04:30.153401-07:00,4,2024-04-13T23:04:30.153401-07:00,true,2024-04-13T23:04:30.164578-07:00,Maze Game,2024-04-13T23:04:30.153401-07:00,01HVDK8PWAB90YQX5YMWA0A618,2024-04-13T23:04:30.153401-07:00,true,2024-04-13T23:04:30.158336-07:00,true,2024-04-13T23:04:30.16716-07:00,01HVDKA2J789JEJB03CZG9RDPS,2024-04-13T23:04:30.153401-07:00
01HVDKBC665WQQZ2BENQK0W48C,01HVDK8H274NGF68S69V3XJQN3,2024-04-13T23:05:12.774076-07:00,60,2024-04-13T23:05:12.774076-07:00,true,2024-04-13T23:05:14.657263-07:00,01HVDK8H2XQAJ2CRG859KB0TBN,2024-04-13T23:05:12.774076-07:00,7,2024-04-13T23:05:12.774076-07:00,true,2024-04-13T23:05:12.78567-07:00,Maze Game,2024-04-13T23:05:12.774076-07:00,01HVDK8PWBNAFCHG54YAMFYWSP,2024-04-13T23:05:12.774076-07:00,true,2024-04-13T23:05:12.779396-07:00,true,2024-04-13T23:05:12.788642-07:00,01HVDKBC638X1F9DA9Z3MRZT4N,2024-04-13T23:05:12.774076-07:00
01HVDKBPP3RM9R7KQC25XSPQTM,01HVDK8H274NGF68S69V3XJQN3,2024-04-13T23:05:23.523755-07:00,60,2024-04-13T23:05:23.523755-07:00,true,2024-04-13T23:05:26.215944-07:00,01HVDK8H2XQAJ2CRG859KB0TBN,2024-04-13T23:05:23.523755-07:00,13,2024-04-13T23:05:23.523755-07:00,true,2024-04-13T23:05:23.534694-07:00,Maze Game,2024-04-13T23:05:23.523755-07:00,01HVDK8PWBNAFCHG54YAMFYWSP,2024-04-13T23:05:23.523755-07:00,true,2024-04-13T23:05:23.528105-07:00,true,2024-04-13T23:05:23.538886-07:00,01HVDKBPP0C71P7EA55XEJTRB0,2024-04-13T23:05:23.523755-07:00
01HVDKCZQY6QR2192M25VEZP7X,01HVDK8H274NGF68S69V3XJQN3,2024-04-13T23:06:05.566453-07:00,60,2024-04-13T23:06:05.566453-07:00,true,2024-04-13T23:06:08.106151-07:00,01HVDK8H2XQAJ2CRG859KB0TBN,2024-04-13T23:06:05.566453-07:00,8,2024-04-13T23:06:05.566453-07:00,true,2024-04-13T23:06:05.577939-07:00,Maze Game,2024-04-13T23:06:05.566453-07:00,01HVDK8PWHHPVVPRH0JP35DCEB,2024-04-13T23:06:05.566453-07:00,true,2024-04-13T23:06:05.571052-07:00,true,2024-04-13T23:06:05.58104-07:00,01HVDKCZQWJ624EJQ6NR7CHJBJ,2024-04-13T23:06:05.566453-07:00
01HVDK921N686RZA37PHKEE52E,01HVDK8H274NGF68S69V3XJQN3,2024-04-13T23:03:56.853104-07:00,60,2024-04-13T23:03:56.853104-07:00,true,2024-04-13T23:03:58.155287-07:00,01HVDK8H2XQAJ2CRG859KB0TBN,2024-04-13T23:03:56.853104-07:00,6,2024-04-13T23:03:56.853104-07:00,true,2024-04-13T23:03:56.8648-07:00,Maze Game,2024-04-13T23:03:56.853104-07:00,01HVDK8PWAB90YQX5YNTW15ZZX,2024-04-13T23:03:56.853104-07:00,true,2024-04-13T23:03:56.857771-07:00,true,2024-04-13T23:03:56.867591-07:00,01HVDK921KXYN35HH88RSRD0AB,2024-04-13T23:03:56.853104-07:00
01HVDKAEENRRHVTYKE4DK1M17Y,01HVDK8H274NGF68S69V3XJQN3,2024-04-13T23:04:42.325297-07:00,60,2024-04-13T23:04:42.325297-07:00,true,2024-04-13T23:04:43.900635-07:00,01HVDK8H2XQAJ2CRG859KB0TBN,2024-04-13T23:04:42.325297-07:00,10,2024-04-13T23:04:42.325297-07:00,true,2024-04-13T23:04:42.333572-07:00,Maze Game,2024-04-13T23:04:42.325297-07:00,01HVDK8PWAB90YQX5YMWA0A618,2024-04-13T23:04:42.325297-07:00,true,2024-04-13T23:04:42.328002-07:00,true,2024-04-13T23:04:42.336406-07:00,01HVDKAEEHBVTXVPKZ7PCBV79E,2024-04-13T23:04:42.325297-07:00
01HVDKCJ4X85S1VNJV8QQB29J0,01HVDK8H274NGF68S69V3XJQN3,2024-04-13T23:05:51.645798-07:00,60,2024-04-13T23:05:51.645798-07:00,true,2024-04-13T23:05:54.064311-07:00,01HVDK8H2XQAJ2CRG859KB0TBN,2024-04-13T23:05:51.645798-07:00,2,2024-04-13T23:05:51.645798-07:00,true,2024-04-13T23:05:51.657757-07:00,Maze Game,2024-04-13T23:05:51.645798-07:00,01HVDK8PWHHPVVPRH0JP35DCEB,2024-04-13T23:05:51.645798-07:00,true,2024-04-13T23:05:51.650976-07:00,true,2024-04-13T23:05:51.660904-07:00,01HVDKCJ4WSMSXYGKFW0N4S1DA,2024-04-13T23:05:51.645798-07:00
01HVDKDY1DT4WSBE5XV68GWF80,01HVDK8H274NGF68S69V3XJQN3,2024-04-13T23:06:36.589805-07:00,60,2024-04-13T23:06:36.589805-07:00,true,2024-04-13T23:06:38.026033-07:00,01HVDK8H2XQAJ2CRG859KB0TBN,2024-04-13T23:06:36.589805-07:00,20,2024-04-13T23:06:36.589805-07:00,true,2024-04-13T23:06:36.601068-07:00,Maze Game,2024-04-13T23:06:36.589805-07:00,01HVDK8PWHHPVVPRH0JP35DCEB,2024-04-13T23:06:36.589805-07:00,true,2024-04-13T23:06:36.593848-07:00,true,2024-04-13T23:06:36.604533-07:00,01HVDKDY1C5VHW7C1GCKWGQSY4,2024-04-13T23:06:36.589805-07:00
01HVDK8PWXTJKTZ0P5F47BFFYW,01HVDK8H274NGF68S69V3XJQN3,2024-04-13T23:03:45.437213-07:00,80,2024-04-13T23:03:45.437213-07:00,true,2024-04-13T23:03:47.649217-07:00,01HVDK8H2XQAJ2CRG859KB0TBN,2024-04-13T23:03:45.437213-07:00,0,2024-04-13T23:03:45.437213-07:00,true,2024-04-13T23:03:45.488473-07:00,Maze Game,2024-04-13T23:03:45.437213-07:00,01HVDK8PWAB90YQX5YNTW15ZZX,2024-04-13T23:03:45.437213-07:00,true,2024-04-13T23:03:45.48345-07:00,true,2024-04-13T23:03:45.492267-07:00,01HVDK8PWRZ2XDSD49CWBPZX51,2024-04-13T23:03:45.437213-07:00
01HVDKAAWF4PNCSW6835Z43D7C,01HVDK8H274NGF68S69V3XJQN3,2024-04-13T23:04:38.67179-07:00,60,2024-04-13T23:04:38.67179-07:00,true,2024-04-13T23:04:40.695008-07:00,01HVDK8H2XQAJ2CRG859KB0TBN,2024-04-13T23:04:38.67179-07:00,8,2024-04-13T23:04:38.67179-07:00,true,2024-04-13T23:04:38.679755-07:00,Maze Game,2024-04-13T23:04:38.67179-07:00,01HVDK8PWAB90YQX5YMWA0A618,2024-04-13T23:04:38.67179-07:00,true,2024-04-13T23:04:38.674695-07:00,true,2024-04-13T23:04:38.682517-07:00,01HVDKAAWE1CZFSFQJY5QKWRH3,2024-04-13T23:04:38.67179-07:00
01HVDKBHKBET7F61SYBEQXSRE9,01HVDK8H274NGF68S69V3XJQN3,2024-04-13T23:05:18.315481-07:00,60,2024-04-13T23:05:18.315481-07:00,true,2024-04-13T23:05:20.543724-07:00,01HVDK8H2XQAJ2CRG859KB0TBN,2024-04-13T23:05:18.315481-07:00,10,2024-04-13T23:05:18.315481-07:00,true,2024-04-13T23:05:18.327319-07:00,Maze Game,2024-04-13T23:05:18.315481-07:00,01HVDK8PWBNAFCHG54YAMFYWSP,2024-04-13T23:05:18.315481-07:00,true,2024-04-13T23:05:18.319299-07:00,true,2024-04-13T23:05:18.330907-07:00,01HVDKBHK9GPGBNF83P1C0RBY3,2024-04-13T23:05:18.315481-07:00
01HVDKBYHPH8KHHJCTWG9TKRK3,01HVDK8H274NGF68S69V3XJQN3,2024-04-13T23:05:31.574262-07:00,60,2024-04-13T23:05:31.574262-07:00,true,2024-04-13T23:05:34.321285-07:00,01HVDK8H2XQAJ2CRG859KB0TBN,2024-04-13T23:05:31.574262-07:00,17,2024-04-13T23:05:31.574262-07:00,true,2024-04-13T23:05:31.584248-07:00,Maze Game,2024-04-13T23:05:31.574262-07:00,01HVDK8PWBNAFCHG54YAMFYWSP,2024-04-13T23:05:31.574262-07:00,true,2024-04-13T23:05:31.578207-07:00,true,2024-04-13T23:05:31.58727-07:00,01HVDKBYHM9FNMB4B5ZK7DAHCM,2024-04-13T23:05:31.574262-07:00
01HVDKCGM5JFJYWAFDS4ZZW1G8,01HVDK8H274NGF68S69V3XJQN3,2024-04-13T23:05:50.085323-07:00,60,2024-04-13T23:05:50.085323-07:00,true,2024-04-13T23:05:51.635481-07:00,01HVDK8H2XQAJ2CRG859KB0TBN,2024-04-13T23:05:50.085323-07:00,1,2024-04-13T23:05:50.085323-07:00,true,2024-04-13T23:05:50.09799-07:00,Maze Game,2024-04-13T23:05:50.085323-07:00,01HVDK8PWHHPVVPRH0JP35DCEB,2024-04-13T23:05:50.085323-07:00,true,2024-04-13T23:05:50.091743-07:00,true,2024-04-13T23:05:50.101082-07:00,01HVDKCGM2NCBW9E81HMC8VDMG,2024-04-13T23:05:50.085323-07:00
01HVDKCMGPYMXBQE9WB7BB5G1J,01HVDK8H274NGF68S69V3XJQN3,2024-04-13T23:05:54.070259-07:00,60,2024-04-13T23:05:54.070259-07:00,true,2024-04-13T23:05:55.68825-07:00,01HVDK8H2XQAJ2CRG859KB0TBN,2024-04-13T23:05:54.070259-07:00,3,2024-04-13T23:05:54.070259-07:00,true,2024-04-13T23:05:54.079689-07:00,Maze Game,2024-04-13T23:05:54.070259-07:00,01HVDK8PWHHPVVPRH0JP35DCEB,2024-04-13T23:05:54.070259-07:00,true,2024-04-13T23:05:54.073635-07:00,true,2024-04-13T23:05:54.08415-07:00,01HVDKCMGMAX2KWTP8SM17W0JX,2024-04-13T23:05:54.070259-07:00
01HVDKDKD9MN0KEGEPDFK1ZPEW,01HVDK8H274NGF68S69V3XJQN3,2024-04-13T23:06:25.705379-07:00,60,2024-04-13T23:06:25.705379-07:00,true,2024-04-13T23:06:28.658026-07:00,01HVDK8H2XQAJ2CRG859KB0TBN,2024-04-13T23:06:25.705379-07:00,15,2024-04-13T23:06:25.705379-07:00,true,2024-04-13T23:06:25.717304-07:00,Maze Game,2024-04-13T23:06:25.705379-07:00,01HVDK8PWHHPVVPRH0JP35DCEB,2024-04-13T23:06:25.705379-07:00,true,2024-04-13T23:06:25.711727-07:00,true,2024-04-13T23:06:25.720351-07:00,01HVDKDKD7G04C77C7FYYJQ730,2024-04-13T23:06:25.705379-07:00
01HVDKDVYY28GZX87GSQTNEEGT,01HVDK8H274NGF68S69V3XJQN3,2024-04-13T23:06:34.462837-07:00,60,2024-04-13T23:06:34.462837-07:00,true,2024-04-13T23:06:36.575767-07:00,01HVDK8H2XQAJ2CRG859KB0TBN,2024-04-13T23:06:34.462837-07:00,19,2024-04-13T23:06:34.462837-07:00,true,2024-04-13T23:06:34.471854-07:00,Maze Game,2024-04-13T23:06:34.462837-07:00,01HVDK8PWHHPVVPRH0JP35DCEB,2024-04-13T23:06:34.462837-07:00,true,2024-04-13T23:06:34.466665-07:00,true,2024-04-13T23:06:34.474438-07:00,01HVDKDVYXDDVY7AG77AQK6YN7,2024-04-13T23:06:34.462837-07:00
01HVDK8PWXTJKTZ0P5G73H1Y13,01HVDK8H274NGF68S69V3XJQN3,2024-04-13T23:03:45.437725-07:00,60,2024-04-13T23:03:45.437725-07:00,true,2024-04-13T23:05:01.058827-07:00,01HVDK8H2XQAJ2CRG859KB0TBN,2024-04-13T23:03:45.437725-07:00,0,2024-04-13T23:03:45.437725-07:00,true,2024-04-13T23:04:58.978259-07:00,Maze Game,2024-04-13T23:03:45.437725-07:00,01HVDK8PWBNAFCHG54YAMFYWSP,2024-04-13T23:03:45.437725-07:00,true,2024-04-13T23:04:58.973234-07:00,true,2024-04-13T23:04:58.983098-07:00,01HVDK8PWMXNE3FMGW1ZWWMP5A,2024-04-13T23:03:45.437725-07:00
01HVDKB9WR7W2XXDNBXCDEMBW2,01HVDK8H274NGF68S69V3XJQN3,2024-04-13T23:05:10.424509-07:00,60,2024-04-13T23:05:10.424509-07:00,true,2024-04-13T23:05:12.758552-07:00,01HVDK8H2XQAJ2CRG859KB0TBN,2024-04-13T23:05:10.424509-07:00,6,2024-04-13T23:05:10.424509-07:00,true,2024-04-13T23:05:10.436365-07:00,Maze Game,2024-04-13T23:05:10.424509-07:00,01HVDK8PWBNAFCHG54YAMFYWSP,2024-04-13T23:05:10.424509-07:00,true,2024-04-13T23:05:10.430123-07:00,true,2024-04-13T23:05:10.439256-07:00,01HVDKB9WN415FZ33HHQ07KXNV,2024-04-13T23:05:10.424509-07:00
01HVDKBG5JWZK8FS280W6A2BJK,01HVDK8H274NGF68S69V3XJQN3,2024-04-13T23:05:16.850441-07:00,60,2024-04-13T23:05:16.850441-07:00,true,2024-04-13T23:05:18.300127-07:00,01HVDK8H2XQAJ2CRG859KB0TBN,2024-04-13T23:05:16.850441-07:00,9,2024-04-13T23:05:16.850441-07:00,true,2024-04-13T23:05:16.859932-07:00,Maze Game,2024-04-13T23:05:16.850441-07:00,01HVDK8PWBNAFCHG54YAMFYWSP,2024-04-13T23:05:16.850441-07:00,true,2024-04-13T23:05:16.854446-07:00,true,2024-04-13T23:05:16.865275-07:00,01HVDKBG5FCTFBJGT5DPEDW6SM,2024-04-13T23:05:16.850441-07:00
01HVDKDSKP8B67B0AA95J52JHS,01HVDK8H274NGF68S69V3XJQN3,2024-04-13T23:06:32.05425-07:00,60,2024-04-13T23:06:32.05425-07:00,true,2024-04-13T23:06:34.447494-07:00,01HVDK8H2XQAJ2CRG859KB0TBN,2024-04-13T23:06:32.05425-07:00,18,2024-04-13T23:06:32.05425-07:00,true,2024-04-13T23:06:32.066942-07:00,Maze Game,2024-04-13T23:06:32.05425-07:00,01HVDK8PWHHPVVPRH0JP35DCEB,2024-04-13T23:06:32.05425-07:00,true,2024-04-13T23:06:32.059131-07:00,true,2024-04-13T23:06:32.070346-07:00,01HVDKDSKM4NAFJCFSW28CGWDD,2024-04-13T23:06:32.05425-07:00
01HVDK9YK10WF7REKE9EXE2DAX,01HVDK8H274NGF68S69V3XJQN3,2024-04-13T23:04:26.081144-07:00,60,2024-04-13T23:04:26.081144-07:00,true,2024-04-13T23:04:27.588096-07:00,01HVDK8H2XQAJ2CRG859KB0TBN,2024-04-13T23:04:26.081144-07:00,2,2024-04-13T23:04:26.081144-07:00,true,2024-04-13T23:04:26.091824-07:00,Maze Game,2024-04-13T23:04:26.081144-07:00,01HVDK8PWAB90YQX5YMWA0A618,2024-04-13T23:04:26.081144-07:00,true,2024-04-13T23:04:26.08512-07:00,true,2024-04-13T23:04:26.09426-07:00,01HVDK9YJZ2F1VFHSJY7YXEF6F,2024-04-13T23:04:26.081144-07:00
01HVDK95Z8W3JWH5JETG4JS2ET,01HVDK8H274NGF68S69V3XJQN3,2024-04-13T23:04:00.872161-07:00,60,2024-04-13T23:04:00.872161-07:00,true,2024-04-13T23:04:02.649235-07:00,01HVDK8H2XQAJ2CRG859KB0TBN,2024-04-13T23:04:00.872161-07:00,8,2024-04-13T23:04:00.872161-07:00,true,2024-04-13T23:04:00.882847-07:00,Maze Game,2024-04-13T23:04:00.872161-07:00,01HVDK8PWAB90YQX5YNTW15ZZX,2024-04-13T23:04:00.872161-07:00,true,2024-04-13T23:04:00.876821-07:00,true,2024-04-13T23:04:00.886031-07:00,01HVDK95Z4QJ6TEXP7XWRWZEEE,2024-04-13T23:04:00.872161-07:00
01HVDK97Q96AKF98DKFVPDRM4V,01HVDK8H274NGF68S69V3XJQN3,2024-04-13T23:04:02.665913-07:00,60,2024-04-13T23:04:02.665913-07:00,true,2024-04-13T23:04:04.621145-07:00,01HVDK8H2XQAJ2CRG859KB0TBN,2024-04-13T23:04:02.665913-07:00,9,2024-04-13T23:04:02.665913-07:00,true,2024-04-13T23:04:02.677021-07:00,Maze Game,2024-04-13T23:04:02.665913-07:00,01HVDK8PWAB90YQX5YNTW15ZZX,2024-04-13T23:04:02.665913-07:00,true,2024-04-13T23:04:02.669975-07:00,true,2024-04-13T23:04:02.680431-07:00,01HVDK97Q6VXH0CGPYEGS7Z9XK,2024-04-13T23:04:02.665913-07:00
01HVDKB2TNCEF9R1PHTA26JM2S,01HVDK8H274NGF68S69V3XJQN3,2024-04-13T23:05:03.189949-07:00,60,2024-04-13T23:05:03.189949-07:00,true,2024-04-13T23:05:04.83943-07:00,01HVDK8H2XQAJ2CRG859KB0TBN,2024-04-13T23:05:03.189949-07:00,2,2024-04-13T23:05:03.189949-07:00,true,2024-04-13T23:05:03.200426-07:00,Maze Game,2024-04-13T23:05:03.189949-07:00,01HVDK8PWBNAFCHG54YAMFYWSP,2024-04-13T23:05:03.189949-07:00,true,2024-04-13T23:05:03.193949-07:00,true,2024-04-13T23:05:03.204016-07:00,01HVDKB2TJJSD30ZHB7DPF9FRN,2024-04-13T23:05:03.189949-07:00
01HVDKB6EH2SW0S40Q1KJ7A9GV,01HVDK8H274NGF68S69V3XJQN3,2024-04-13T23:05:06.897342-07:00,60,2024-04-13T23:05:06.897342-07:00,true,2024-04-13T23:05:08.923945-07:00,01HVDK8H2XQAJ2CRG859KB0TBN,2024-04-13T23:05:06.897342-07:00,4,2024-04-13T23:05:06.897342-07:00,true,2024-04-13T23:05:06.908055-07:00,Maze Game,2024-04-13T23:05:06.897342-07:00,01HVDK8PWBNAFCHG54YAMFYWSP,2024-04-13T23:05:06.897342-07:00,true,2024-04-13T23:05:06.901056-07:00,true,2024-04-13T23:05:06.911378-07:00,01HVDKB6EEQGTBPVK6MFFH9QHS,2024-04-13T23:05:06.897342-07:00
01HVDKCX1B8FSPR5Q90GQXE0HQ,01HVDK8H274NGF68S69V3XJQN3,2024-04-13T23:06:02.795698-07:00,60,2024-04-13T23:06:02.795698-07:00,true,2024-04-13T23:06:05.557077-07:00,01HVDK8H2XQAJ2CRG859KB0TBN,2024-04-13T23:06:02.795698-07:00,7,2024-04-13T23:06:02.795698-07:00,true,2024-04-13T23:06:02.805906-07:00,Maze Game,2024-04-13T23:06:02.795698-07:00,01HVDK8PWHHPVVPRH0JP35DCEB,2024-04-13T23:06:02.795698-07:00,true,2024-04-13T23:06:02.799993-07:00,true,2024-04-13T23:06:02.809021-07:00,01HVDKCX16X8MHKVDWAZ537NYD,2024-04-13T23:06:02.795698-07:00
01HVDKDCJHRSN9A3HWZTR2SQVN,01HVDK8H274NGF68S69V3XJQN3,2024-04-13T23:06:18.705969-07:00,60,2024-04-13T23:06:18.705969-07:00,true,2024-04-13T23:06:23.065502-07:00,01HVDK8H2XQAJ2CRG859KB0TBN,2024-04-13T23:06:18.705969-07:00,13,2024-04-13T23:06:18.705969-07:00,true,2024-04-13T23:06:18.718606-07:00,Maze Game,2024-04-13T23:06:18.705969-07:00,01HVDK8PWHHPVVPRH0JP35DCEB,2024-04-13T23:06:18.705969-07:00,true,2024-04-13T23:06:18.710823-07:00,true,2024-04-13T23:06:18.723119-07:00,01HVDKDCJE015VHJTD534297J1,2024-04-13T23:06:18.705969-07:00
01HVDK8PWZYJ04W95JF4EVSV10,01HVDK8H274NGF68S69V3XJQN3,2024-04-13T23:03:45.439414-07:00,60,2024-04-13T23:03:45.439414-07:00,true,2024-04-13T23:04:24.045329-07:00,01HVDK8H2XQAJ2CRG859KB0TBN,2024-04-13T23:03:45.439414-07:00,0,2024-04-13T23:03:45.439414-07:00,true,2024-04-13T23:04:21.983442-07:00,Maze Game,2024-04-13T23:03:45.439414-07:00,01HVDK8PWAB90YQX5YMWA0A618,2024-04-13T23:03:45.439414-07:00,true,2024-04-13T23:04:21.978989-07:00,true,2024-04-13T23:04:21.988149-07:00,01HVDK8PWVTXNDNBE4M7JHNYB5,2024-04-13T23:03:45.439414-07:00
01HVDKBTWTRFMWC75NTRY1CQDN,01HVDK8H274NGF68S69V3XJQN3,2024-04-13T23:05:27.834264-07:00,60,2024-04-13T23:05:27.834264-07:00,true,2024-04-13T23:05:29.956798-07:00,01HVDK8H2XQAJ2CRG859KB0TBN,2024-04-13T23:05:27.834264-07:00,15,2024-04-13T23:05:27.834264-07:00,true,2024-04-13T23:05:27.843021-07:00,Maze Game,2024-04-13T23:05:27.834264-07:00,01HVDK8PWBNAFCHG54YAMFYWSP,2024-04-13T23:05:27.834264-07:00,true,2024-04-13T23:05:27.837481-07:00,true,2024-04-13T23:05:27.846231-07:00,01HVDKBTWPBB615ZXPKJCNSJGY,2024-04-13T23:05:27.834264-07:00
01HVDKD9RAF583WZZGNG3QRH2E,01HVDK8H274NGF68S69V3XJQN3,2024-04-13T23:06:15.81865-07:00,60,2024-04-13T23:06:15.81865-07:00,true,2024-04-13T23:06:18.691892-07:00,01HVDK8H2XQAJ2CRG859KB0TBN,2024-04-13T23:06:15.81865-07:00,12,2024-04-13T23:06:15.81865-07:00,true,2024-04-13T23:06:15.827272-07:00,Maze Game,2024-04-13T23:06:15.81865-07:00,01HVDK8PWHHPVVPRH0JP35DCEB,2024-04-13T23:06:15.81865-07:00,true,2024-04-13T23:06:15.822128-07:00,true,2024-04-13T23:06:15.830093-07:00,01HVDKD9R7B2X99TVG5J61MA3V,2024-04-13T23:06:15.81865-07:00
01HVDKA81SWVG5BNCXMBWKGGFT,01HVDK8H274NGF68S69V3XJQN3,2024-04-13T23:04:35.769404-07:00,60,2024-04-13T23:04:35.769404-07:00,true,2024-04-13T23:04:38.660598-07:00,01HVDK8H2XQAJ2CRG859KB0TBN,2024-04-13T23:04:35.769404-07:00,7,2024-04-13T23:04:35.769404-07:00,true,2024-04-13T23:04:35.781139-07:00,Maze Game,2024-04-13T23:04:35.769404-07:00,01HVDK8PWAB90YQX5YMWA0A618,2024-04-13T23:04:35.769404-07:00,true,2024-04-13T23:04:35.774016-07:00,true,2024-04-13T23:04:35.783487-07:00,01HVDKA81NSYG02M60AC8EZF69,2024-04-13T23:04:35.769404-07:00
01HVDKB8E8PGVKXXCMWZ3KDGY5,01HVDK8H274NGF68S69V3XJQN3,2024-04-13T23:05:08.936656-07:00,60,2024-04-13T23:05:08.936656-07:00,true,2024-04-13T23:05:10.410879-07:00,01HVDK8H2XQAJ2CRG859KB0TBN,2024-04-13T23:05:08.936656-07:00,5,2024-04-13T23:05:08.936656-07:00,true,2024-04-13T23:05:08.948698-07:00,Maze Game,2024-04-13T23:05:08.936656-07:00,01HVDK8PWBNAFCHG54YAMFYWSP,2024-04-13T23:05:08.936656-07:00,true,2024-04-13T23:05:08.941513-07:00,true,2024-04-13T23:05:08.951701-07:00,01HVDKB8E5WV9ZB3A8655PEY0F,2024-04-13T23:05:08.936656-07:00
01HVDKD27G2NY64YDJ47DYBEPB,01HVDK8H274NGF68S69V3XJQN3,2024-04-13T23:06:08.112221-07:00,60,2024-04-13T23:06:08.112221-07:00,true,2024-04-13T23:06:10.423075-07:00,01HVDK8H2XQAJ2CRG859KB0TBN,2024-04-13T23:06:08.112221-07:00,9,2024-04-13T23:06:08.112221-07:00,true,2024-04-13T23:06:08.121291-07:00,Maze Game,2024-04-13T23:06:08.112221-07:00,01HVDK8PWHHPVVPRH0JP35DCEB,2024-04-13T23:06:08.112221-07:00,true,2024-04-13T23:06:08.115411-07:00,true,2024-04-13T23:06:08.124117-07:00,01HVDKD27FEQTT56CHE3W5SZ10,2024-04-13T23:06:08.112221-07:00
01HVDKB4ENKEXY9KW6Y776QFPJ,01HVDK8H274NGF68S69V3XJQN3,2024-04-13T23:05:04.853718-07:00,60,2024-04-13T23:05:04.853718-07:00,true,2024-04-13T23:05:06.880853-07:00,01HVDK8H2XQAJ2CRG859KB0TBN,2024-04-13T23:05:04.853718-07:00,3,2024-04-13T23:05:04.853718-07:00,true,2024-04-13T23:05:04.868596-07:00,Maze Game,2024-04-13T23:05:04.853718-07:00,01HVDK8PWBNAFCHG54YAMFYWSP,2024-04-13T23:05:04.853718-07:00,true,2024-04-13T23:05:04.859745-07:00,true,2024-04-13T23:05:04.872149-07:00,01HVDKB4EHTGYX8PZJW6SDZ4D0,2024-04-13T23:05:04.853718-07:00
